parent_asin,product_title,store,main_category,price_tier,total_reviews,unique_reviewers,avg_rating,rating_stddev,positive_reviews,negative_reviews,neutral_reviews,satisfaction_rate,negative_rate,avg_review_length,detailed_reviews,verified_purchases,verified_rate,avg_helpful_votes,first_review_date,last_review_date,review_span_days,sample_reviews
B075X8471B,"Fire TV Stick with Alexa Voice Remote, streaming media player - Previous Generation",Amazon,Amazon Devices,Unknown,178239,176347,4.39,1.18,150078,18820,9341,84.2,10.56,117.9,28047,175256,98.33,0.51,2016-10-24,2023-05-28,2407,"[5 stars] Love love love. Used to have Google Chromecast, this is 100x better quality and easier to use. | [5 stars] since I'm already a prime member, and I'm willing to pay a little fee every month for Netflix as well, we're hardly watching any network television but also aren't paying ridiculous fees for 101 channels we never watch.  more than enough good and intelligent and fun content to keep me well occupied on those long winter evenings. | [5 stars] More than happy with this! Has saved me so much money and have no further need for high, and continuously raising cable or satellite bills!! I went from having to either hook my computer up to my tv to watch my Amazon or Netflix account to having both right where I need them without needing to buy an expensive new &#34;Smart TV&#34; as this makes any TV smart!!! | [5 stars] I have one of these in every room with a TV. I bought the same for my 80+ year old parents and they love the ease of using it as well. With the voice command, it's dummy-proof! Great shows on Prime and no monthly fees. PERFECT! | [5 stars] Only day two of using it but I‚Äôm already so happy I finally decided to buy it!"
B07GZFM1ZM,Fire TV Stick 4K streaming device with Alexa Voice Remote (includes TV controls) | Dolby Vision,Amazon,Amazon Devices,Unknown,140751,139288,4.51,1.09,123024,12020,5707,87.41,8.54,126.29,24716,138505,98.4,0.3,2018-11-05,2023-08-23,1752,"[5 stars] I have a whole handful of fire sticks - but who knew that this fire stick could help you get Disney+ on your older than 3 year old Samsung TV??  ALSO a bonus... you can watch your paid HBO Amazon subscription on your TV through your new fire stick too.  WELL worth the investment. 100% less frustration.  Thank you Amazon fire stick! | [5 stars] I haven't really ""driven"" it around the block so to speak, but, from the initial installation it performed well. | [5 stars] How many times do i need to review this? This is my second fire stick üòÇ | [5 stars] I have not done much with the firestick yet but my son had one and I liked the options for TV. I mostly watch networks but plan to use a lot when reruns are on. I liked the ease of setting it up and getting around on it. | [1 stars] I tried everything humanly possible and I cannot get this remote to pair with Alexa Echo!......Amazon for whatever reason could not figure it out after over an hour in chat!"
B01K8B8YA8,Echo Dot (2nd Generation) - Smart speaker with Alexa - White,Amazon,Amazon Devices,Mid ($20-50),119051,117882,4.35,1.16,98243,12119,8689,82.52,10.18,157.83,25736,118171,99.26,0.6,2016-10-24,2023-08-06,2477,[5 stars] a friend told me he had this and it was great  .. ive been looking at it and looking at it .. and he convinced me i needed it  ... alexa is pretty funny at times ...  i saw that angel stand for it  .. i wish they had more choices  ... nothing caught my eye  maybe someday one will | [5 stars] Awesome product..my fiance loved her birthday present | [5 stars] I love it! Being able to use handsfree voice commands to obtain info and listen to music I to which wouldn't normally  have access is great. Amazing what this little hockey puck can do! :) | [5 stars] Too fun - great speaker! I slipped mine inside a vintage radio.<br />It adds my shopping list to my iPhone and plays Jazz while I do housework. LOVE IT!! | [5 stars] We are loving our Dots! So useful for so many things. We love the intercom feature where different dots can be &#34;called&#34; and used to communicate.
B010BWYDYA,"Fire Tablet with Alexa, 7"" Display, 16 GB, Blue - with Special Offers (Previous Generation - 5th)",Amazon,Amazon Devices,Unknown,103964,102729,4.14,1.29,80421,14558,8985,77.35,14.0,232.8,31651,98906,95.13,1.64,2007-11-19,2023-08-28,5761,"[5 stars] I love it. Have never met a kindle I didn't love. The color is bright and beautiful. | [5 stars] I love except it makes a bleeping noise like a couple to 3 times per minute. Is this normal?????? | [5 stars] Great sound, games work well.<br />Battery life does not last as long as my Nook does, but I have not used it for books yet either.<br />Set up was a bear.  Did not connect to wifi, had to make several calls to get it to work.<br />Had to re-register.<br />Works fine now.<br />Great camera. | [1 stars] Have a Nexus that is dying a slow death. It was OK. I've only started to use my Fire. I really like having Amazon on it already, and ALL my books.  It will be interesting to see how long it lasts. Bought in July 2016 already failing. | [5 stars] It works fine. Love the benefits of being an Amazon Prime member. Only glitch I had was an online interference problem while listening to a music download, but it only happened 2 times. It is great that I have access to all my ebooks now."
B07H65KP63,"Echo Dot (3rd Gen, 2018 release) - Smart speaker with Alexa - Charcoal",Amazon,Amazon Devices,Unknown,95397,94348,4.63,0.93,86627,5309,3461,90.81,5.57,111.93,13960,93262,97.76,0.22,2019-07-16,2023-09-10,1517,"[5 stars] This  Echo Dot was a gift from my son to help me navigate new technology.  BEST GIFT EVER!  How did I ever live without it!! | [5 stars] I enjoy having Alexa in almost every room so I can listen to my favorite radio and TV stations.  I've been using it as an intercom, too, so I can call my husband instead of shouting or walking to the other end of the house.  We've also gotten used to asking Alexa all kinds of questions...most of which get answered. | [5 stars] It was easy to set up and she responds quickly to my voice.  I did not know she can find books on Audible so I get to listen to books on tape which is awesome.  She responds to my friends' voices as well without hesitation.  I use Alexa to play rain sounds as I try to go to sleep....pretty awesome.  Love, Love, Love it! | [5 stars] I usually buy one or two of these on Prime Days when they sell for about $25 each. I have all the Amazon Dots and Echoes that I need in my house, but these make great gifts for most anyone‚Äî especially for last minute gifts and for people that are hard to figure out what to get. I especially love giving one to someone who‚Äôs never used Alexa before. They have so much fun.<br /><br />It‚Äôs a that keep on giving! | [5 stars] The Dot was a gift to me.  I have just begun with her.<br />My vision is very limited and I can now listen to my Audible books easily, adjust the volume, pause and start again at my convenience.<br />That is so wonderful and I will be exploring more of what Alexia has to offewr.<br />She does answer almost any question I can think of!"
B0791TX5P5,"Fire TV Stick streaming device with Alexa built in, includes Alexa Voice Remote, HD, latest release",Amazon,Amazon Devices,Unknown,88798,87838,4.45,1.18,76061,9156,3581,85.66,10.31,117.89,14607,87523,98.56,0.55,2019-01-28,2023-08-01,1646,"[5 stars] I had a first generation fire stick and upgraded to this one. It has performed Much Better! I‚Äôm Very satisfied. | [5 stars] Easy to install, small and awesome to use<br />All I can say is, love it!!!! | [5 stars] Easy to use and set up. Absolutely love the fire stick. It was worth the price paid. | [5 stars] This is an upgrade for me from a 1st Gen. All; the same great qualities I've come to expect from a Firestick but with an amazing remote that replaces the TV remote!! | [5 stars] It's works perfect. I just press microphone and say what i want to watch. Helps!!"
B08XPWDSWW,TOZO T10 Bluetooth 5.3 Wireless Earbuds with Wireless Charging Case IPX8 Waterproof Stereo Headphones in Ear Built in Mic Headset Premium Sound with Deep Bass for Sport White (2022 Upgraded),TOZO,Home Audio & Theater,Mid ($20-50),72566,71536,4.26,1.27,58209,9836,4521,80.22,13.55,230.39,27864,71132,98.02,0.6,2018-11-25,2023-09-06,1746,"[5 stars] She (girlfriend) hasn't used them for very long, but so far she loves them. They hooked up easily, which was an issue with her old ones, and she loves that there are REALLY no wires attached. They sound great and really do cancel outside noise. And she likes the look of them (I got the white ones for her). | [1 stars] I am not sure there are so many people are buying these, there are completely useless.....They fall out, and hang out of the ear way too far! | [5 stars] So much better than the Apple headphones and I was pleasantly surprised. Great value for the money and the charge lasts a long time! | [5 stars] I use these to do virtual exercise classes as well as to listen to music on my iPhone. They work perfectly! | [5 stars] Great sound quality. They fit perfectly and are very comfortable. It includes four different sizes of ear caps. It‚Äôs so nice to be able to wear earbuds that don‚Äôt hurt my ears while keep other voices or noises out. The price is great for such amazing quality."
B07S764D9V,"Panasonic ErgoFit Wired Earbuds, In-Ear Headphones with Microphone and Call Controller, Ergonomic Custom-Fit Earpieces (S/M/L), 3.5mm Jack for Phones and Laptops - RP-TCM125-A (Blue)",Panasonic,Home Audio & Theater,Budget (<$20),55743,54771,4.26,1.24,44810,6927,4006,80.39,12.43,213.85,19402,53501,95.98,0.47,2010-09-13,2023-08-24,4728,"[5 stars] I love these, they hold up to a lot of wear, including me washing them by accident in the washing machine. They have 2 sets of the the poertion that goes in the ear,so you can get a good fit. They are comfortable and a great price | [5 stars] These earbuds are okay, I did not expect anything less but they definitely helped while my bigger ones broke. Still hoping to repair those but int he meantime these are good and they came with replacements for the earbuds and well packaged. | [1 stars] It said iPhone compatible but the adapter doesn't connect ti iPhone. | [5 stars] These have lasted longer. I go through ear buds like crazy, but Panasonic makes good products. So, I got one pair for my Mac, and another for my little radio. | [5 stars] Wow, affordable with great sound. Assembly could be improved to last years."
B07KTYJ769,"Amazon Smart Plug, for home automation, Works with Alexa - A Certified for Humans Device",Amazon,Amazon Devices,Mid ($20-50),51867,51365,4.58,1.07,46122,4203,1542,88.92,8.1,130.15,9840,50818,97.98,0.64,2018-10-15,2023-09-07,1788,"[5 stars] It works as promised.  I bought mine as a combined item with Echo.  As a stand alone plug, it seems expensive. | [5 stars] I have a space heater plugged into it. It turns the heater on and off many times during the day and night. It works great with my Alexa. | [5 stars] Very easily installed and linked with Alexa. Works wonderfully. | [1 stars] These only last a short time. Than they stop responding and when you try to reconnect you get a ""provising"" error.  It is great when it works I bought 3 and only 1 is left working. | [5 stars] Love the smart plug automation. I have the smart plug connected to a lamp located in the center of my house. Some difficulty connecting the smart plug to my Wi-Fi via Amazon Alexa app. After three tries it finally connected. Initially I wanted to connect to my coffee pot. But the plug came on and off but the coffee pot did not turn on. So I settled for a lamp."
B0BW4PFM58,"OontZ Angle 3 Bluetooth Speaker, Portable Wireless Bluetooth 5.0 Speaker, 10 Watts, Crystal Clear Stereo Sound, Rich Bass, IPX5 Water Resistant, Loud Portable Bluetooth Speaker (Black)",Cambridge Soundworks,All Electronics,Mid ($20-50),51568,50892,4.36,1.2,42880,5922,2766,83.15,11.48,174.84,14207,49961,96.88,0.44,2015-08-19,2023-08-29,2932,"[5 stars] Easy to use good sound quality nice and small perfect For the deck | [1 stars] Stopped working after 2 showers<br />It was great at first then it stopped working after two showers. I was going to send it back but missed the deadline. This is cheap- don‚Äôt waste your money. | [5 stars] I was hesitant to purchase this, but I'm so glad did. The sound is great. | [5 stars] Love my little speaker! I connect it wirelessly Tommy iPod and off to the garden or shower I go! Nice! No wires to trip over or pull on - excellent!!!! They made fun of me when they saw it but now they just say - nice speaker Mom!!!!! I agree 100%!!! Love my speaker and it's all mine. | [5 stars] This is amazing.  The sound quality is so clear and wonderful.  We hook it up to the computer and can hear music all though the house."
B07HZLHPKP,"Echo Show 5 (1st Gen, 2019 release) -- Smart display with Alexa ‚Äì stay connected with video calling - Charcoal",Amazon,Amazon Devices,Premium ($50-100),46254,45796,4.4,1.14,38783,4476,2995,83.85,9.68,152.83,10080,45532,98.44,0.5,2019-07-01,2023-07-12,1472,"[5 stars] It was worth the money and it comes in handy for many different things too! | [5 stars] I really didn't need this, but saw it was a great deal on Amazon Prime day. So glad I did. Sound quality is good, can personalize it with your own pictures. | [5 stars] I bought this for my wife when it was on sale and she loves it. | [5 stars] Having recipes displayed making cooking so much easier. | [5 stars] Bought this for work.  Fits on my salon station perfectly.  My clients love being able to change the music to their style."
B07456BG8N,Echo (2nd Generation) - Smart speaker with Alexa and Dolby processing - Charcoal Fabric,Amazon,Amazon Devices,Unknown,44813,44391,4.51,1.04,39155,3383,2275,87.37,7.55,145.07,8762,43863,97.88,0.57,2017-11-02,2023-07-31,2097,"[5 stars] Wow - we like the gray color. The sound has definitely improved and the smaller profile fits my wife's desires for the room.<br />We're still learning how to really use this and also tie it to our dot in the bedroom.<br /><br />We recommended the Echo 1 and really recommend the 2d Gen version. | [5 stars] I purchased this echo for my 80 year old mom... she LOVES have access to all the music, an easy timer set, answers to the random question and even a chat when she needs one.  The sound is SOOOO much better than the 1st gen echos...  and it blends with any decor as far as how it looks.  If you're an amazon shopper, you need an echo and these 2nd gens are greatly improved - worthy of try. | [5 stars] Great sound quality!  Easy to set up other devices that work with Alexa. | [5 stars] This is where I can't figure out why anyone with this device would write anything other than how great this is. This is so cool. Every day we use it Echo seems to get smarter. The sound is incredible and nothing like some of the other reviews .<br />learning what alexa can do is the best and so far it's everything you can think of.. I want one of these in every room. | [1 stars] I have 3 and will be returning this one sine it has a rattling sound when the volume is increased!"
B07PHQ93TV,"Fire HD 10 Tablet (10.1"" 1080p full HD display, 64 GB) ‚Äì Black (2019 Release)",Amazon,Amazon Devices,Unknown,43892,43469,4.36,1.18,36301,4572,3019,82.71,10.42,173.66,11330,43009,97.99,0.73,2019-10-30,2023-07-17,1356,"[1 stars] No different than other versions,  hate it,  waiting for port issue. | [5 stars] I got the first table when Amazon came out with it.  Then jumped up to the newer version.  My 3rd one I plan wore out. Now I have the 10 in, the only thing I have trouble with is reading at night, its a little big.  I use a pillow to prop it up and I'm good | [5 stars] Received as gift, and I'm Happy with it. It does everything. Very good. | [5 stars] Ordered a Fire HD 10 tablet but the box got damaged in transit and the tablet screen shattered.  Filed for a replacement or refund and got a refund.  Immediately ordered a replacement tablet and it arrived within two days.  I already had an earlier version of the Fire Hd 10 tablet and am very pleased with it.  The new one allows me to leave one at home and take one with me. | [5 stars] The colors are vibrant and overall I love it.  My only issue is I cannot figure out how to increase the font in the books I am reading, and the brightness keeps going back down to dull."
B08XNCHTCY,TOZO T6 True Wireless Earbuds Bluetooth 5.3 Headphones Touch Control with Wireless Charging Case IPX8 Waterproof Stereo Earphones in-Ear Built-in Mic Headset Premium Deep Bass White (2022 Upgraded),TOZO,All Electronics,Mid ($20-50),43463,42897,4.29,1.25,35258,5595,2610,81.12,12.87,241.26,16962,41975,96.58,0.62,2019-08-31,2023-09-10,1471,"[5 stars] I have tried so many earbuds from super expensive to these. This is the only ones I would recommend. They fight perfectly in your ear, I have not had them fall out. They are waterproof something the expensive ones never have. I use them at work with my phone, never had an issue with bad quality calls. I would give them 10 stars if I could. Stop buying those expensive ear buds and get yourself a pair of these. | [5 stars] These are a great pair of earbuds! I‚Äôve had them a few weeks and the quality has been consistent. | [5 stars] Bought my daughter a pair and she could not stop raving about them. So I bought myself a pair for Christmas. And she was right!!! Fabulous product at such a great price. Highly recommend. | [5 stars] This are awesome! I love them! The only thing  is that they don‚Äôt have microphone... if they had they would be perfect | [5 stars] I was nervous buying ear buds priced so affordably but did so based on reviews. I‚Äôm very happy I did. These have worked flawlessly since I received them. They hold their charge for a long time and the sound quality is excellent. When I use them for phone conversations, the other party has never complained about not being able to hear me."
B07N8VFFNS,"Fire 7 tablet, 7"" display, 16 GB, (2019 release), Black",Amazon,Amazon Devices,Unknown,41935,41468,3.94,1.45,29394,8344,4197,70.09,19.9,159.1,9893,40788,97.26,0.6,2019-06-10,2023-08-08,1520,"[5 stars] It was smaller than my old one. It works Great in spite of that. | [1 stars] The tablet takes forever to charge and dies fast and now it is randomly turning off | [5 stars] This Kindle was actually a replacement for a previous one that had quit charging.  So nice to have a working Kindle back in my life.  So love it. | [5 stars] I loved my old kindle fire, but this is definitely an improvement.  Much faster, and very intuitive to use. | [5 stars] Nice updated version of the kindle. Only thing the battery life is no better on the New kindle fire than my old kindle, but more update on app's."
B08F1P3BCC,Echo Dot (4th Gen) | Smart speaker with Alexa | Twilight Blue,Amazon,Amazon Devices,Unknown,41696,41294,4.37,1.2,34511,4593,2592,82.77,11.02,133.01,7937,40543,97.23,0.36,2020-10-22,2023-09-03,1046,"[5 stars] Fantastic little speaker with quality sound and Alexa voice controls | [5 stars] Sounds good for a small speaker, I have 2 of them connected to a sub woofer for my fire tv stick. | [5 stars] I got this with my smart lightbulb. I've enjoyed it a great deal. It was very easy to set up. | [5 stars] this is honestly my first time knowing about echo products and this speaker exceeds all of my needs. the music sounds great. jazz sounds great, gospel music sounds great, R&B sounds fantastic‚Ä¶ you won‚Äôt be disappointed. | [5 stars] We love this little black ball (eco dot) it can answer your questions look up an answer play music and it sound is great. What did we ever do without it.I would buy it again."
B07P374FF3,"Fire 7 Tablet (7"" display, 16 GB) - Yellow - (Previous Generation - 7th)",Amazon,Amazon Devices,Unknown,40134,39703,3.9,1.47,27884,8379,3871,69.48,20.88,166.1,9831,38466,95.84,0.64,2017-06-09,2023-08-28,2271,"[5 stars] I use this mostly for reading.  It is so handy and easy to take everywhere. | [5 stars] I love this fire tablet.  I have several of them and use them all the time. | [5 stars] OMG I so love this tablet.  It is perfect and has so much on it. | [1 stars] After several attempts, I was unable to download a single game app, nor could I create and order the case that was supposed to come with this tablet, as ordered through QVC'S deal with Amazon.  I'm unsure as to why this tablet is being sold  to innocent people. | [5 stars] This is an awesome tablet. Grandaughter started using it yesterday and loves it. It has a very crisp picture. Easy to navigate."
B01MTF2Z37,"Fire HD 10 Tablet with Alexa Hands-Free, 10.1"" 1080p Full HD Display, 32 GB, Marine Blue (Previous Generation - 7th)",Amazon,Amazon Devices,Unknown,39458,39027,4.1,1.36,29722,6402,3334,75.33,16.22,216.23,12425,38651,97.95,0.85,2017-10-13,2023-08-21,2138,"[5 stars] Large bright screen. Use it primarily for reading. Love it. | [5 stars] This is a great tablet. Great for watching videos or playing games. Nice size and good sound with 2 speakers. | [5 stars] I do like that it has netflix and amazon prime movies. | [5 stars] Great size - got it on sale - does all I want it too. | [5 stars] Have had the 7 inch fore a couple of years and this was on sale so I got one, wow the picture is much better battery life is good also."
B00OQVZDJM,"Kindle Paperwhite E-reader (Previous generation ‚Äì 2015 release) - Black, 6"" High-Resolution Display (300 ppi) with Built-in Light, Wi-Fi, Ad-Supported",Amazon,Amazon Devices,Unknown,39114,38735,4.46,1.05,33809,2980,2325,86.44,7.62,218.29,12780,37140,94.95,0.75,2015-07-01,2023-08-01,2953,"[1 stars] Bought a book from amazon days ago and still can't read it on the kindle. have been to u-tube, google, everywhere..no help..the book shows on kindle, but always asks do I want to stop download? I click no. does it take hours to download books? I'm on WIFI...HELP!!! | [5 stars] I love this thing.  Who knew having a light in the screen could make such a difference? | [5 stars] I have both the Paperwhite and the Voyage, and like them both. The real advantage to the Paperwhite is the price. | [5 stars] Bought it and love it! I thought my iPad could do the same but this is so much better. I have both and the kindle has great battery. | [5 stars] My old Kindle was quite old and this new one is absolutely the best."
B07VXXBTX4,"Echo Show 8 (1st Gen, 2019 release) -- HD smart display with Alexa ‚Äì stay connected with video calling - Sandstone",Amazon,Amazon Devices,Unknown,33869,33483,4.53,1.04,29689,2540,1640,87.66,7.5,164.65,8111,33176,97.95,0.8,2019-11-25,2023-08-18,1362,"[5 stars] Alexa is like family now he listen and talks back even keeps the husband and kids entertained sometimes  love it love it | [5 stars] Beautiful pictures during the day with large numerals for time. Nice night time no picture but time visible. Connects well with my other echos in my house | [5 stars] The echo show 8 is a fantastic device, screen is nice and clear. Was larger than I expected.. glad I didn‚Äôt get a 10 show as it would be to much imo. But the 8 is the perfect kitchen size, 5 is great for bedroom night stand.<br /><br />Would recommend so nice if you have the cameras and plugs or for weather as you get ready for work. | [5 stars] Perfect kitchen companion! I use it for recipes, reading my audio books. | [5 stars] So...the big debate about the try alexa on the bottom of the screen....goes away when not messed with on night mode.....see the photos.  Yes it would be nice if there was an option to not have it.....but....there are a bunch of things i would never have thought of...so....IS FUN"
B08WJSHSLC,Fire TV Stick (3rd Gen) with Alexa Voice Remote (includes TV controls) + Star Wars The Mandalorian remote cover (Grogu Green),Amazon,Amazon Devices,Mid ($20-50),32110,31806,4.32,1.33,26251,4456,1403,81.75,13.88,134.69,6296,31491,98.07,0.42,2021-04-28,2023-09-10,865,"[5 stars] I love Firestick! This is my second one and it was to add to another room. I love the quality and it‚Äôs super easy to connect. I also love the Alexa remote. It‚Äôs the best! | [1 stars] I have had these before this 1 would not do anything | [5 stars] I only stream, so I have one on every TV. I‚Äôve given them as gifts to my parents (80+ years old) and friends. All are very excited about the function, ease and shows available. | [5 stars] I have 2 in my RV and have little trouble streaming using the connection provided in any of the parks we've stayed at.  Even under poor reception they both work.  It's so much better than using cable connections. I'll never get cable again. | [5 stars] Very easy to set up.  Fast. Nice button arrangement."
B07F4P3JH7,"Fire HD 8 Tablet (8"" HD Display, 16 GB) - Black (Previous Generation - 8th)",Amazon,Amazon Devices,Unknown,30974,30679,4.08,1.37,23173,5063,2738,74.81,16.35,184.6,8493,30077,97.1,0.75,2018-10-05,2023-06-29,1728,"[5 stars] Love this device, it‚Äôs perfect size and the quality is out of this world, not to mention the color is beautiful  . I love it too because it‚Äôs simple almost ready to use because it‚Äôs simple to understand how to use. Great but ! | [5 stars] For the money this is by far the best tablet you can buy.  We have a house full of them | [5 stars] I just wished it would‚Äôve came with a cover??  Now I‚Äôm scared to use it because. It‚Äôs very light and thin. I can‚Äôt use it until I buy  the cover the shield protector.  Never advertised  a picture with a cover! | [5 stars] I bought this tablet so that I can have a larger screen (than my phone screen) to watch movies and play games. It definitely meets my expectations. | [5 stars] Just what I wanted for what I need.  Couldn't ask for a better tablet."
B07PXGQC1Q,"Apple AirPods (2nd Generation) Wireless Earbuds with Lightning Charging Case Included. Over 24 Hours of Battery Life, Effortless Setup. Bluetooth Headphones for iPhone",Apple,Apple Products,Premium ($50-100),30538,30194,4.36,1.31,25267,4018,1253,82.74,13.16,123.74,5342,29715,97.3,0.93,2019-03-26,2023-09-10,1629,[5 stars] Good and works really well and stays in the ears well | [5 stars] My sister was staying with me for 6 hours.  I got these to keep her entertained while I recovered.  Worked very well! | [5 stars] i was against these forever. My daughter got them and used them sparingly. My wife then used my daughters and raved about them. i then used them and love them as well. Good sound quality and usefulness. | [5 stars] Ok no other earphones are like the apple buds.  they just work and no stress.  Happy wife happy life. | [5 stars] These are so much better then the wired ones.  Worth the costs!
B00U3FPN4U,Amazon Fire TV with 4K Ultra HD,Amazon,Amazon Devices,Mid ($20-50),30286,29984,4.22,1.29,23972,4205,2109,79.15,13.88,214.69,8544,28727,94.85,0.81,2015-10-06,2023-04-16,2749,"[1 stars] Much to do about nothing. See no value if one has a smart TV. The only thing thus far that works through voice commands is the weather. | [5 stars] Very pleased and voice command works great, very sensitive. | [5 stars] I have had this about a week and I have enjoyed it.  I have only used it for Amazon Prime and Netflix and it worked really well.  I was using a Sony blue ray player to watch them both before and or would have a lot of issues with buffering and it was really annoying.  I have had few issues with the fore tv so far.<br /><br />I have had this now for a few months my husband and I really enjoy it.  So glad I bought it. | [5 stars] I've tried them all, and Fire TV is undoubtedly the easiest to install, configure, and use.  With a subscription to Netflix, you are set for life with more movies and TV series than you could ever watch.  I love the voice activated Alexa info service, as well as the excellent voice search features of the system.  It just doesn't get any better than Fire TV from Amazon. | [5 stars] Great Machine should of bought this a long time ago much better than my apple tv."
B083TH1B45,"Cheetah Mounts APDAM3B Dual Articulating Arm TV Wall Mount Bracket for 20-65‚Äù TVs up to VESA 400 and 115lbs,Mounts on Studs up to 16‚Äù, Includes Twisted Veins 10‚ÄôHDMI Cable and 6‚Äù 3-Axis Bubble Level",Cheetah,All Electronics,Unknown,29960,29030,4.47,1.03,25959,2188,1813,86.65,7.3,266.14,11852,28727,95.88,0.46,2008-01-31,2023-08-04,5664,"[5 stars] Its a fantastic mount and is holding up my fathers TV currently. For the money its hard to beat | [5 stars] Great wall bracket.. however needs additional options/holes for mounting to the wall there are not enough mounting holes to meet all stud locations.. | [5 stars] Easy to install, solid materials and great price. I was very happy with this purchase! | [5 stars] This mount looks and feels more expensive than it is. Not only is it universal, but holds up our 65"" inch TV no problem. Also, it seems like all their parts and pieces they use are made specifically for the Cheetah brand and have little paw prints, so I think that's why its relatively inexpensive - they aren't selling you a product third party. | [5 stars] Works great... comes with good hardware, which is uncommon for most TV stands. Product holds my 50&#34; LCD Sony with ease!"
B011BRUOMO,"SanDisk Ultra 32GB microSDHC UHS-I Card with Adapter, Silver, Standard Packaging (SDSQUNC-032G-GN6MA)",SanDisk,Computers,Budget (<$20),29559,29255,4.53,1.12,26217,2595,747,88.69,8.78,86.98,3057,27681,93.65,0.33,2015-06-01,2023-08-10,2992,"[5 stars] I paid $42 for this on Amazon. Best Buy has the dame card for roughly $10-$12 more. Shipped fast and as described. We used this for my sons new Wii Switch.  Would recommend. | [5 stars] I purchased these for added memory in cell phones.  Now there is enough memory for photos or videos. | [5 stars] Purchased this card for my LG G Vista 2 cell phone.. It fits fine and is working properly. | [5 stars] No problems so far, use with my smaller kindle fire 2015. | [5 stars] Works like intended. Used in on my new 3DS and got plenty of space."
B00CX5P8FC,Amazon Fire TV - 1st Generation,Amazon,Amazon Devices,Unknown,27848,27570,4.19,1.23,21688,3451,2709,77.88,12.39,349.33,12057,24803,89.07,2.99,2014-04-03,2023-03-27,3280,"[5 stars] The Amazon Fire TV is a great buy we can watch movies a lot are free.  Some you have to rent, but most are not that expensive.<br />I recommend this item. | [5 stars] I was watching my netflix / amazon prime video on my playstation 3 on one TV, but needed something for my 2nd TV. This thing is great! Like the remote. | [5 stars] It does what it says it will do... What more can I say?  Sets up easily without hastle, even setting up the Wireless Internet connection is automatic, and it works perfectly right off the bat.  The on-screen keyboard for entering passwords and searches is one of the most innovative and easy to use I've seen.  The voice (audio) search is excellent and requires no &#34;training&#34;.  Perfect!! | [5 stars] Easy install, easier setup and much faster than Roku. What else need be said? | [5 stars] The AmazonFire TV is just as great as advertised. Easy to set up and install. The only difficulty was getting to my surge protector to plug it in.<br /><br />The packaging is what I was mesmerized by. Elegant, simple and deserves an award all on its own. Lovely."
B01G8JO5F2,"Senso Bluetooth Headphones, Best Wireless Sports Earbuds w/Mic IPX7 Waterproof HD Stereo Sweatproof Earphones for Gym Running Workout Noise Cancelling Earphones Earbuds Noise Cancelling Headsets",Senso,All Electronics,Mid ($20-50),27350,27074,4.06,1.39,20455,4882,2013,74.79,17.85,246.66,10945,26157,95.64,0.77,2016-07-24,2023-08-04,2567,"[5 stars] I love these. They even come with a carry case and several sizes of ear bud inserts. Thank heaven!  I get ear pain from most, but the smallest buds fit great.  They also have a charger and all of it fits in the carry case. I just wish they came in more colors preferably something bright!  When I leave them on my nightstand it takes a while to figure out which of half a dozen black cables are the right ones. Even white would be ok as only my iPhone has a white cord. | [5 stars] Forget any of the less than 5 star reviews. The sound is amazing, with a wide range. Excellent bass and mid-range. I bought these for use at the gym and walking to replace 2 different headsets that never stayed put, and honestly sound like crap.<br /><br />I bought a 2nd pair for work.<br /><br />BUY THESE AND TRY THEM, you won't be disappointed. | [5 stars] I am so happy with these!! I have a lot of ear piercings all throughout my ear and so I never know if ear phones will work with that. Especially since these have the clips I was unsure. It doesn‚Äôt irritate any of them, not even my daith or conch. If you‚Äôre pierced, these are awesome! Highly recommend. | [1 stars] DONT waste your money.. Battery time sucks, sound quality is great first day and sucks the next and than on.<br />there is no noise cancellation what so ever. | [5 stars] This is the second pair that I've had.  These things are workhorses.  The pair I'm listening to right know are 4 years old!  Insane!"
B07J2FGZSM,Kindle Paperwhite ‚Äì (previous generation - 2018 release) Waterproof with 2x the Storage ‚Äì Ad-Supported,Amazon,Amazon Devices,Luxury ($100+),27209,26941,4.08,1.37,20273,4499,2437,74.51,16.53,290.06,12106,26584,97.7,1.55,2018-11-12,2023-08-25,1747,"[5 stars] Great Kindle - is a bit smaller than I prefer but is easy too use, strong battery life, easy to adjust settings and I can take it on my float in the pool! | [5 stars] Not sure what that ""built in light"" business is about (how would it be usable if the screen were not internally lit up?), but the page is quite easy to read, it is light and compact (and no, I don't think that makes it ""flimsy"", at least not so far), and it is quite simple even for unsophisticated oldsters<br />like me to customize my reading preferences. | [5 stars] touch screen Is too slow.<br />Airplane mold save battery | [5 stars] It is far more sensitive than my last kindle. I love it!  It holds more and I love that as well.  Just different enough from my last one that it took a bit of getting used to on the various steps I make reading. | [5 stars] I had an original Kindle; it died.  I loved it.  I got the paperwhite kindle.  featherlight, intuitively easy to use.  I confess I still like the page turning buttons of the old Kindle, but in every other respect the new one is superior.  battery life is great.  no backlight is easy on the eyes compared to other devices like an ipad.<br />I am never without a book to read on kindle device or app for lunch, delays and waits, etc."
B00N2ZDXW2,"Ring Video Doorbell (1st Gen) ‚Äì 720p HD video, motion activated alerts, easy installation ‚Äì Satin Nickel",Ring,Amazon Devices,Unknown,26953,26681,4.22,1.33,21570,3992,1391,80.03,14.81,335.73,12764,13703,50.84,1.36,2015-01-05,2023-06-30,3098,"[5 stars] Love love love his security system. Easy you charge and install. Set up was a breeze. Video is clear and effective for seeing around the yard and anyone who comes up the door. Highly recommended for each entry/exit door. | [5 stars] Love it. It‚Äôs version 1 of the Ring Doorbells, theres not much of a difference besides the quality and style. The quality is just a bit different not a drastic change. | [5 stars] I own a house in the Florida Keys where I live part of the year.  The front is hard to see and I don't always want to go downstairs to see who's there. I wanted something to use for when people come to the door. The ring is perfect for that. In addition when I am in New Mexico I can keep an eye on my Keys house. My neighbor there who is taking care of it, can simply ring and we can talk.. I am very happy with this Ring. I highly recommend it !! | [1 stars] I bought 2 ring doorbells, but will never buy one again.<br /><br />The camera on one of the doorbells went out and the system will not let me reinstall it. I need a code to reinstall the doorbell and camera, and I cannot get it from company.<br /><br />Now my ring doorbell is worthless. Don't buy this product. | [5 stars] Bought for business while shut down over virus have paid for themselves already I can be at home call the ring talk to people casing the business and tell them to leave police on the way. Great device easy to setup and use"
B00L0YLRUW,"NETGEAR Wi-Fi Range Extender EX2700 - Coverage Up to 800 Sq Ft and 10 devices with N300 Wireless Signal Booster & Repeater (Up to 300Mbps Speed), and Compact Wall Plug Design",NETGEAR,Computers,Premium ($50-100),26610,26357,3.94,1.52,19060,5771,1779,71.63,21.69,184.69,7585,25185,94.64,0.79,2014-09-03,2023-07-31,3253,[1 stars] This devices brought my wifi network to its knees. Not sure why this has good reviews. My devices had a hard time connecting. And even if my devices weren't connected it would hog a bunch of bandwidth and slow the whole network. I personally would just buy an AirPort Extreme. That solved range problems for me. | [5 stars] Pretty sweet little device! Highly suggested if you have a free power outlet ! rEALLY EASY TO SYNC WITH YOUR ROUTER AND REALLY GREAT USE FOR EXPANDING THE WIFI AROUND THE HOUSE! | [5 stars] This NetGear Extender brought our bedrooms into the WiFi world. With this extender we can now access our WiFi network in our bedrooms. Before our bedrooms were to far away from our modem to even get on the network. We now have a full signal in everyone of our bedrooms. Setup was very easy and with the ease of plugging the extender into a regular electrical outlet there are no wires to run and it isn't huge or unattractive. I am very happy with this NetGear Extender. | [5 stars] Fabulous Netgear Extender<br /><br />By Bee<br /><br /> 12345<br /><br />I have a L shaped house with the router in the West end and my TV in the South East end making it difficult to get coverage in that area. The Netgear extender gives me great coverage with no hesitations. Thank you Netgear. | [5 stars] Saves me a lot of frustration when I am listening to music in the back part of the house!
B092HSPZJ3,Nulaxy Bluetooth Car FM Transmitter Audio Adapter Receiver Wireless Handsfree Voltmeter Car Kit TF Card AUX 1.44 Display ‚Äì KM18 Peacock Blue,Nulaxy,Cell Phones & Accessories,Budget (<$20),26401,26109,4.32,1.2,21823,2928,1650,82.66,11.09,201.33,8662,25673,97.24,0.54,2015-12-11,2023-09-06,2826,"[5 stars] Given to my stepdaughter. They have an old 1990 car and this thing worked like magic. They took a road trip to Big Sur in California and it made their experience so much better.<br />You can‚Äôt go wrong with this, especially for the price. I was anxious that it was going to sound like crap or not work in general, but it‚Äôs easy to use and the big screen is great. No more tapes and boring radio! So if this can work in a 30 year old car, it can work in any car.<br />Definitely recommend. | [5 stars] Absolutely amazing. I don't have an audio jack in my car so I've been searching all over for a decent music player. This one beats all. 10/10. AWESOME sound quality (like seriously, better than my regular speakers), perfect bluetooth connectivity with no issues whatsoever (even driving several hours straight it is just a constant stream of music). I've bought several of these for friends and family and I HIGHLY recommend it!!! | [5 stars] This thing is life changing if you have an older vehicle. Amazing. | [5 stars] Very easy to use and I am definitely not the most tech savvy person. Soud quality is very good for both music and phone calls. | [5 stars] Works perfectly. Just what I looking for after aux port broke on car."
B07TMJ8S5Z,"Amazon Fire HD 8 tablet, 8"" HD display, 64 GB, (2020 release), designed for portable entertainment, Black",Amazon,Amazon Devices,Luxury ($100+),26120,25779,4.26,1.24,20941,3213,1966,80.17,12.3,169.18,6665,25490,97.59,0.39,2020-06-04,2023-08-21,1173,"[5 stars] It works extremely well.  It was a gift, and I love it! | [5 stars] Decent graphics. I am still learning how to use it. If you already know, I recommend this. | [5 stars] So far I've set up and linked it to other devices, but need to check instructions for use. Have not done much with it yet. | [5 stars] I gave this as a Christmas gift to my Dearest friend. He is very happy to learn how to set it up, and with my experience with my Fire tablet, I can help him! | [1 stars] It is very very difficult to chat with a customer service representative online and to block emails! Also to delete photos and delete emails from the sent and trash space! Some of the customer service representatives on the phone are rude and not very helpful at all. They think everyone that talks to them are a computer genius. They talk computer lingo which some beginners do not understand."
B0BGNG1294,"Amazon Basics HDMI Cable, 18Gbps High-Speed, 4K@60Hz, 2160p, Ethernet Ready, 10 Foot, Black",Amazon Basics,Home Audio & Theater,Budget (<$20),24918,24662,4.59,1.01,22463,1709,746,90.15,6.86,83.09,2466,23645,94.89,0.29,2015-12-11,2023-08-30,2819,"[5 stars] Perfect to take to court to connect so I can show my PowerPoint. | [5 stars] These cables are high quality and provide an excellent signal.<br />I recommend this product. | [5 stars] worked perfectly. just what I wanted. The cable is well made and plenty long enough to reach everything it needs to. | [5 stars] Superb picture quality with cables that don't cost a lot. | [5 stars] Let's see... I plug my device into my tv using this cable, and it works. Ok, then 5 stars.<br /><br />A little more seriously, I really like the Amazon Basics stuff. They seem to be producing good quality stuff at very reasonable prices."
B07VTK654B,Echo Auto (1st gen) - Hands-free Alexa in your car with your phone,Amazon,Amazon Devices,Mid ($20-50),24837,24592,3.5,1.59,14212,7490,3135,57.22,30.16,258.64,9422,23545,94.8,0.52,2019-09-30,2023-05-18,1326,"[5 stars] Love that I can turn my lights on , unlock my door or anything else...from my car. | [1 stars] What a piece of junk, has never worked, tried everything possible. Too late for a refund.<br />This is the only Amazon product I have bought that failed me. Simply wont connect to the car or my truck via Bluetooth | [5 stars] It works great most of the time unless it cannot connect to my phone | [5 stars] Wife loves alexa and wife loves alexa in the car.  She would rather talk to alexa than me. | [5 stars] The only thing I  don't like  is that it's not made for my car's vent  other than that it's like  being at home with Alexa"
B08RLW7918,WYZE Cam v2 - White,WYZE,Camera & Photo,Unknown,24748,24247,4.15,1.42,19210,4210,1328,77.62,17.01,241.94,9133,23760,96.01,0.97,2017-10-30,2023-08-22,2122,"[5 stars] Definitely worth the price! Works great for a baby monitor. If the twins are a sleep and I have to leave the room for a moment. This is the best way to keep an eye on them. | [5 stars] This is my second Wyze cam, and I absolutely love them besides being a fantastic company, there cameras rock!and that's from a ""Wyze"" Woman. | [5 stars] Easy to install, and not too expensive, these cameras allow you to monitor the indoor of your home from a distance. I use them to check on my dog when I am at work, and they provide peace of mind. | [5 stars] What a deal. I am impressed by this little camera! Great motion detection, awesome picture its better and cheaper than my Ring cameras and less expensive to use. I figured this gem out and could not be happier. | [5 stars] I have 4 of them and they are amazing! I use them inside and outside. Besides the newest software update, best camera ever! They do everything I could ever ask for and more!"
B0935ZDCYD,"Anker Soundcore Bluetooth Speaker with 24-Hour Playtime, 66-Feet Bluetooth Range & Built-in Mic, Dual-Driver Portable Wireless Speaker with Low Harmonic Distortion and Superior Sound - Blue",Anker,Home Audio & Theater,Mid ($20-50),23170,22924,4.52,1.02,20445,1658,1067,88.24,7.16,204.79,7345,22428,96.8,0.57,2015-11-28,2023-09-04,2837,"[5 stars] Easy to use - great battery life - pretty good sound for such a small speaker!  What else could you want??  Definitely worth the money. | [5 stars] This Bluetooth speaker is the best I‚Äôve ever run across!  My son bought one, and I as SO impressed that I bought one, too!  I use it with 2 iPad mini‚Äôs and my iPhone XR, and my son uses it on his Android phone, with the same great results. The charge lasts forever and the quality is amazing!! {And no, I am NOT being paid for this review. What you read is what I mean.} Given the quality of this speaker, the price is incredible! | [5 stars] Gave to son for Christmas and heard it all the time. Sounds great. | [5 stars] Really great speaker! Battery lasts! Really great purchase. | [5 stars] Shockingly good speaker for the price! Doesn‚Äôt go super loud without distorting a little, but loud enough to hear in two rooms at a time or in the shower without distorting‚Äî would totally buy again for the price."
B075JZNHTD,"Fire TV with 4K Ultra HD and 1st Gen Alexa Voice Remote, streaming media player",Amazon,Amazon Devices,Unknown,22311,22052,4.07,1.4,16630,3908,1773,74.54,17.52,173.07,5477,21613,96.87,1.15,2017-10-27,2023-06-10,2052,"[5 stars] We love our FireTv! It works great, easy to navigate, and a great value! | [5 stars] Love the ease of this system, I had an older Roku, Sort of the Dark ages, And I am in the  New Age now. Thank you so much | [5 stars] Had it just a few weeks but really enjoying it. I like that I have all the apps I want in there, so I can watch my tv shows from CBS and AMC. I cancelled cable a long time ago and was considering getting it back but now that I have this there is no question I am not going back to cable. This gives me everything I wanted. | [5 stars] Exactly what it say's it does.  I need to get a few more brain cells to get it all figured out, but so far so good! | [5 stars] Definitely a great benefit to being a Prime member."
B08F9ZCTCL,"Fire TV Stick Lite, free and live TV, Alexa Voice Remote Lite, smart home controls, HD streaming",Amazon,Amazon Devices,Budget (<$20),21811,21585,4.38,1.24,18227,2523,1061,83.57,11.57,110.52,3227,21348,97.88,0.25,2020-09-30,2023-09-01,1066,"[5 stars] Stopped working in less than o month. Amazon was not helpful in getting replacement wanted me to send it back for repair even though it was listed for return for another month. Bad bad customer service | [5 stars] This is awesome!!! Staying in RV for 2 months and we are so happy we got this!!! | [5 stars] I am hooked up at night to a C-Pap machine. My tv is not hooked up to a cable box, so I don‚Äôt have a remote control. I love having the Firestick to change channels, and it‚Äôs very easy to use. | [5 stars] Purchased this for my dad and he loves it. Easy to use and has so many great streaming options. The price was a plus. I plan on purchasing another one for myself. Definitely recommend! | [5 stars] I like that this new one that I just bought has voice recognition. I have not had any issues with speaking directions yet. My other Amazon fire stick was messing up and this one has been great so far."
B0C3NMZ2C7,"Fire TV Stick 4K, brilliant 4K streaming quality, TV and smart home controls, free and live TV",Amazon,Amazon Devices,Mid ($20-50),21673,21460,4.44,1.21,18515,2335,823,85.43,10.77,127.35,3892,21411,98.79,0.5,2021-10-12,2023-09-07,695,"[5 stars] I had the regular firestick before and this 4k version is soooo much better | [5 stars] Love the upgrade and so easy to set up..much faster to move within the app too.  I use it to load the peloton app in our spare room.  I use the wall socket to power up the dongle,,and no longer use a separate power dongle. | [5 stars] I like this product but I‚Äôm dumbfounded by the continuing audio lag. | [5 stars] I just love the Fire TV Stick, good bye cable and the $220+ bills.  I watch more what I want to watch without the commercials.  What a relief especially with the elections right around the corner.  It's easy to learn to use and I'm a senior!  Yes, you need a little patience when streaming but it's so worth it.  Enjoy!!! | [5 stars] I like the crisp colors on my TV now. The sound is great and it works well with all my TV apps. I like the fact that this remote also has volume control. The one I had before didn't. I recommend"
B000WYVBR0,VideoSecu ML531BE2 TV Wall Mount kit with Free Magnetic Stud Finder and HDMI Cable for Most 26-55 TV and New LED UHD TV up to 60 inch 400x400 Full Motion with 20 inch Articulating Arm WT8,VideoSecu,All Electronics,Mid ($20-50),21325,21130,4.58,0.93,19263,1188,874,90.33,5.57,187.27,6192,20651,96.84,0.5,2008-08-31,2023-08-24,5471,"[5 stars] I am very happy with this TV wall Mount. It works perfectly for the area I purchased it for, it can be moved to many different angles including tipping slightly downward. It was VERY easy to attach to my wall, and also attach to TV to it. I did it myself, and I am a 68 yr old great grandmother. Thanks for a great product! | [5 stars] I bought a few of these to install TV's of various sizes.  The largest is 42"" and went up without a hitch.  I highly recommend it - very easy to do by yourself (on smaller TVs) and no complaints at all. | [5 stars] I HAVE 7 RENTAL HOMES I BOUGHT TOTAL OF 8 OF THESE OVER THE LAST 4 YEARS<br />GREAT FIT. LOVE ARITCULATING FEATURE, SO MUCH EASIER TO ATTACH EXTRAS. NEVER BUY ANOTHER FLAT MOUNT TV WALL MOUNT. THIS ONE OR NEXT SIZE UP ONLY | [5 stars] Great wallmount. Not extremely difficult to install. Did take 2 people. It's holding up well and I still really like it! | [5 stars] great mount, easy to use, make sure you mount your tv on a stud when mounting it on a wall though!!"
B08F6GPRH6,"Blink Whole Home Bundle | Video Doorbell System, Outdoor camera, and Mini camera | HD video, motion detection, Works with Alexa",Blink,Amazon Devices,Luxury ($100+),21015,20756,3.1,1.69,9738,8796,2481,46.34,41.86,344.26,11009,15796,75.17,1.82,2020-09-18,2023-09-03,1080,"[5 stars] We purchased these to put inside - which we normally wouldn't do - but we are selling remotely.  Wish they would develop these in a white color (not just the ""inside"" version) - but we are firm Blink supporters.  We have 2 full systems and as long as you have wifi connection, they work well - no monthly fees.  I will say - keep in mind - each of your systems is limited to 10 cameras total. | [5 stars] I don‚Äôt understand people complaining about $10 a month!! I have 4 cameras that I can change the settings on at any time.  Check my home inside and out.  I think it‚Äôs the best deal around!! | [5 stars] Great product. Can keep an eye on things while away.  I have 5 cameras. I am now buying another set for outdoors.  I have dogs & can keep an eye out. | [5 stars] We have a family compound and all our homes have these outside. You definitely need these in this dangerous day and age! Dont be caught off guard! | [1 stars] STOP- THIS IS NOT WHAT YOU MAY THINK IT IS. After the 30 days free trial, your cameras will no longer record events to review UNLESS YOU PAY 100.00+  A YEAR FOR A SUBSCRIPTION.  WITHOUT A PAID subscription.. if at 2 pm someone is on your back deck taking your grill and you sleep through it... you will have NO RECORDED FOOTAGE. YOU CAN NOT GO BACK AND SEE WHAT HAPPENED."
B0BGS23YKX,"JSAUX USB-C to USB A Cable 3.1A Fast Charging [2-Pack 6.6ft], USB Type C Charger Cord Compatible with Samsung Galaxy S10 S9 S8 S20 Plus A51 A12 A11, Note 10 9 8, PS5 Controller USB C Charger-Green",JSAUX,All Electronics,Budget (<$20),20621,20384,4.46,1.2,17642,2268,711,85.55,11.0,105.49,2904,19835,96.19,0.36,2017-11-08,2023-09-03,2125,"[5 stars] My husband needed this for a special charger and reports it works exactly as it should. | [1 stars] Already had one go bad on me after three weeks of use. It no longer fast charges and it takes forever for anything to finish. I just can't seem to find a cable that will hold up. | [5 stars] Strong cables, great value and works fine in charging my android up quickly and consistently! Plenty long enough for charging and watching at the same time! | [5 stars] This charger is so fast! 3 to 4 times faster than my Samsung phone cord. Also like the long cord. | [5 stars] I am getting the last cord out of the box and thought I'd update my review..I see I never did review, but need to.<br />I bought this 3 pack of charger cords in December 2019! Yes 3 years ago and I am just getting the 3rd cord out, and I have to say I'm very hard on cords. I travel alot, grandkids and dogs keep things busy and falling, charger cables get put to the test, but these pass every test. The length is great too.<br />I recommend these and will buy more for sure!"
B08YF1VBYD,"DOSS Bluetooth Speaker, SoundBox Touch Portable Wireless Speaker with 12W HD Sound and Bass, IPX5 Water-Resistant, 20H Playtime, Touch Control, Handsfree, Speaker for Home, Outdoor, Travel-Black",DOSS,All Electronics,Mid ($20-50),20498,20320,4.34,1.22,16954,2361,1183,82.71,11.52,168.22,5332,19695,96.08,0.84,2016-04-13,2023-09-07,2703,"[5 stars] Got this for my wife to stream music from her Kindle. Wow, the sound is remarkably excellent. With all speakers like this, you have remember to raise the volume on the master audio source, which for us was the Kindle.  To achieve the rich, full sound, make sure the source volume is up enough to drive speaker. | [5 stars] I love this speaker, especially for the price!  I have a couple Marley speakers but I wanted something for camping that was durable , inexpensive and portable.  This speaker here fits all these needs and more.  I likely would not have spent $150+ on a Marley speaker had I bought this one first.  This being said, I am unable to comment on the longevity of the speaker life since it's relatively new to me and I've yet to give it a full work out. | [5 stars] I am very pleased with this speaker.  It holds a charge forever.  Has awesome sound and super easy to link up with my blue tooth.  I would definitely recommend it! | [5 stars] Gives a weird beeping noise when power is low. The blue circle on top is the volume control. If one touches a certain angle, the sound stops. But no complaints. | [1 stars] Bought this to use with Alexa but now it won‚Äôt pair.  Very disappointing!"
B01BRWH8G8,"Fire HD 8 Tablet with Alexa, 8"" HD Display, 16 GB, Magenta - with Special Offers (Previous Generation - 6th)",Amazon,Amazon Devices,Unknown,20108,19928,4.26,1.23,16201,2409,1498,80.57,11.98,204.61,5743,19682,97.88,1.14,2016-09-23,2023-04-09,2389,"[5 stars] LOVE THIS!! And for the price, you can't afford NOT to have one! It has everything you need and now that I'm in my 50s, I like the larger screen (8&#34;). My sister has the one with Alexa built in, which she loves, but I don't miss it. Even the ads which pop up when you turn it on isn't an issue, it's just a swipe and you get right in. I watch movies, play games, check email, order more stuff ;), etc. on mine. My sister uses hers as an additional &#34;computer&#34; from her work laptop. | [5 stars] Great purchase.  Price was great and it works wonderfully.  Very happy I bought this to replace my Samsung Galaxy Tablet. | [5 stars] I was looking for a tablet to update my kindle and this is perfect!  The size is just right, the colors are bright, and it works well with my Amazon Prime account.  The best thing was the price, you can't beat it for this device. | [1 stars] Worst fire tabI ever bought. This one freezes, turns off. Would not recommend | [5 stars] I I received this New Fire HD 8 Tablet as a Christmas gift, and I must say that I am very pleased with it!  It was very easy to set up, and has been working great! I have had no problems with it thus far.  It seems like a really awesome Tablet!"
B0BR3MLGZZ,"Stylus Pen for iPad 9th&10th Generation-2X Fast Charge Active Pencil Compatible with 2018-2023 Apple iPad Pro11&12.9 inch, iPad Air 3/4/5,iPad 6-10,iPad Mini 5/6 Gen-Orange",JAMJAKE,All Electronics,Mid ($20-50),20030,19740,4.66,0.81,18924,792,314,94.48,3.95,126.4,3291,19657,98.14,0.52,2020-02-16,2023-09-03,1295,"[5 stars] So far it‚Äôs been working perfectly. I can‚Äôt wait to do more intricate drawings as I continue to learn how to use it best! | [5 stars] SET WAS SO SIMPLE AND IT JUST WHAT I NEEDED, MINUS THE PRICE OF A NAME BRAND AIR PEN! I‚ÄôM SO HAPPY I PURCHASED IT! | [5 stars] Easy instructions!  Well made/construction quality materials. Ease of use. Comes with an extra fine nib for writing in smaller areas. | [5 stars] I had bought an actual Apple Pencil and it barely worked. It would miss marks consistently and wasn‚Äôt consistent. After having it for a year and it breaking, I decided I wanted something cheaper that does the same thing and what I recieved was this amazing pencil! It‚Äôs flawless when writing notes and it‚Äôs smooth. It has a sensor on the top to turn on and off and charged with a cord. Doesn‚Äôt take long to charge at all. Awesome product I‚Äôm satisfied! Thankyou! | [5 stars] Don‚Äôt waste $ on Apple $200 pen this is just as good fills purpose. Battery last long time and works just same!"
B01M3ULMWP,"Fire HD 8 Tablet with Alexa, 8"" HD Display, 16 GB, Marine Blue - with Special Offers (Previous Generation ‚Äì 7th)",Amazon,Amazon Devices,Unknown,20014,19830,4.14,1.32,15385,2964,1665,76.87,14.81,201.48,5847,19535,97.61,1.12,2017-06-09,2023-05-27,2178,"[1 stars] No Bluetooth?  What doesn‚Äôt have Bluetooth these days,  I realize this was a cheap tablet but come on. | [5 stars] This is the very best gift I have ever received!  My vision is increasingly impaired.  My Fire blows up print so I can actually read books, it will read to me as well.<br />I am only just getting into taking advantage of everything it offers.<br />It retains power for very long periods of use.  I love it! | [5 stars] The fire is great. I can tell Alexa to have it connect to my headphones and it happens | [5 stars] I think it is wonderful.  My husband (82 years old) is having some difficulty getting familiar with the kindle book with audio.  He will get it, I think.  It is a bit different than his older Kindle Fire. | [1 stars] Really, really slow to load every single page. Its really cheap and i regret wasting what little money i spent."
